Sub_ID,RT_STc,RT_STc,RT_STc,RT_STc,RT_STc,RT_STc,RT_STc,RT_STc,RT_STc,RT_STc,RT_STc,RT_STc,RT_STc,RT_STc,RT_STc,RT_STc,RT_STc,RT_STc,RT_STc,RT_STc,RT_STc,RT_STc,RT_STc,RT_STc,RT_STc,RT_STc,RT_STc,RT_STc,RT_STc,RT_STc,RT_STc,RT_STc,RT_STc,RT_STc,RT_STc,RT_STc,RT_STc,RT_STc,RT_STc,RT_STc,RT_STc,RT_STc,RT_STc,RT_STc,RT_STc,RT_STc,RT_STc,RT_STc,RT_STc,RT_STc,RT_STc,RT_STc,RT_STc,RT_STc
Sub31,NA,NA,NA,NA,NA,NA,NA,NA,NA,NA,NA,NA,NA,NA,NA,NA,NA,NA,NA,NA,NA,NA,NA,NA,NA,NA,NA,NA,NA,NA,NA,NA,NA,NA,NA,NA,NA,NA,NA,NA,NA,NA,NA,NA,NA,NA,NA,NA,NA,NA,NA,NA,NA,NA
Sub32,NA,NA,NA,NA,NA,NA,NA,NA,NA,NA,NA,NA,NA,NA,NA,NA,NA,NA,NA,NA,NA,NA,NA,NA,NA,NA,NA,NA,NA,NA,NA,NA,NA,NA,NA,NA,NA,NA,NA,NA,NA,NA,NA,NA,NA,NA,NA,NA,NA,NA,NA,NA,NA,NA
Sub33,NA,NA,NA,NA,NA,NA,NA,NA,NA,NA,NA,NA,NA,NA,NA,NA,NA,NA,NA,NA,NA,NA,NA,NA,NA,NA,NA,NA,NA,NA,NA,NA,NA,NA,NA,NA,NA,NA,NA,NA,NA,NA,NA,NA,NA,NA,NA,NA,NA,NA,NA,NA,NA,NA
Sub34,NA,NA,NA,NA,NA,NA,NA,NA,NA,NA,NA,NA,NA,NA,NA,NA,NA,NA,NA,NA,NA,NA,NA,NA,NA,NA,NA,NA,NA,NA,NA,NA,NA,NA,NA,NA,NA,NA,NA,NA,NA,NA,NA,NA,NA,NA,NA,NA,NA,NA,NA,NA,NA,NA
Sub35,NA,NA,NA,NA,NA,NA,NA,NA,NA,NA,NA,NA,NA,NA,NA,NA,NA,NA,NA,NA,NA,NA,NA,NA,NA,NA,NA,NA,NA,NA,NA,NA,NA,NA,NA,NA,NA,NA,NA,NA,NA,NA,NA,NA,NA,NA,NA,NA,NA,NA,NA,NA,NA,NA
Sub36,NA,NA,NA,NA,NA,NA,NA,NA,NA,NA,NA,NA,NA,NA,NA,NA,NA,NA,NA,NA,NA,NA,NA,NA,NA,NA,NA,NA,NA,NA,NA,NA,NA,NA,NA,NA,NA,NA,NA,NA,NA,NA,NA,NA,NA,NA,NA,NA,NA,NA,NA,NA,NA,NA
Sub37,NA,NA,NA,NA,NA,NA,NA,NA,NA,NA,NA,NA,NA,NA,NA,NA,NA,NA,NA,NA,NA,NA,NA,NA,NA,NA,NA,NA,NA,NA,NA,NA,NA,NA,NA,NA,NA,NA,NA,NA,NA,NA,NA,NA,NA,NA,NA,NA,NA,NA,NA,NA,NA,NA
Sub38,NA,NA,NA,NA,NA,NA,NA,NA,NA,NA,NA,NA,NA,NA,NA,NA,NA,NA,NA,NA,NA,NA,NA,NA,NA,NA,NA,NA,NA,NA,NA,NA,NA,NA,NA,NA,NA,NA,NA,NA,NA,NA,NA,NA,NA,NA,NA,NA,NA,NA,NA,NA,NA,NA
Sub39,NA,NA,647.6458333,413.3125,487.3125,268.9791667,325.6458333,359.6458333,400.9791667,396.9791667,NA,254.6458333,295.3125,374.6458333,158.3125,263.6458333,355.3125,272.3125,320.6458333,302.3125,349.6458333,380.9791667,379.9791667,304.9791667,346.9791667,226.3125,193.6458333,NA,NA,NA,NA,NA,NA,NA,NA,NA,NA,NA,NA,NA,NA,NA,NA,NA,NA,NA,NA,NA,NA,NA,NA,NA,NA,3934.979167
Sub40,NA,NA,NA,NA,NA,NA,NA,NA,NA,NA,NA,NA,NA,NA,NA,NA,NA,NA,NA,NA,NA,NA,NA,NA,NA,NA,1009.645833,641.9791667,917.6458333,767.6458333,828.3125,741.6458333,677.6458333,932.9791667,NA,1499.979167,865.3125,839.9791667,570.9791667,1277.3125,822.6458333,1296.979167,845.6458333,NA,737.6458333,860.3125,788.6458333,1022.3125,886.3125,738.6458333,875.3125,NA,NA,NA
Sub41,2935.979167,306.3125,NA,2280.3125,668.9791667,695.6458333,725.3125,641.6458333,473.6458333,678.6458333,464.3125,NA,1101.979167,332.6458333,472.9791667,596.9791667,412.9791667,147.9791667,907.3125,388.6458333,400.9791667,418.9791667,307.3125,383.9791667,332.6458333,572.6458333,730.3125,417.6458333,874.3125,NA,NA,NA,NA,NA,NA,NA,NA,NA,NA,NA,NA,NA,NA,NA,NA,NA,NA,NA,NA,NA,NA,NA,NA,NA
Sub42,NA,NA,NA,NA,NA,NA,NA,NA,NA,NA,NA,NA,NA,NA,NA,NA,NA,NA,NA,NA,NA,NA,NA,NA,NA,NA,NA,NA,NA,NA,NA,NA,NA,NA,NA,NA,NA,NA,NA,NA,NA,NA,NA,NA,NA,NA,NA,NA,NA,NA,NA,NA,NA,NA
Sub43,NA,1134.3125,NA,846.3125,1362.3125,629.6458333,507.9791667,410.6458333,NA,NA,NA,584.3125,1019.979167,502.3125,1072.3125,611.3125,NA,876.6458333,NA,520.6458333,1041.979167,NA,916.3125,651.3125,NA,1180.979167,NA,NA,1134.3125,NA,846.3125,1362.3125,629.6458333,507.9791667,410.6458333,NA,NA,NA,584.3125,1019.979167,502.3125,1072.3125,611.3125,NA,876.6458333,NA,520.6458333,1041.979167,NA,916.3125,651.3125,NA,1180.979167,NA
Sub44,NA,NA,NA,NA,NA,NA,NA,NA,1842.979167,3977.645833,3215.645833,1757.3125,NA,NA,NA,NA,NA,NA,NA,NA,NA,NA,NA,2573.979167,NA,NA,NA,NA,727.3125,NA,NA,NA,NA,NA,722.9791667,NA,1614.3125,NA,NA,NA,NA,NA,NA,NA,NA,NA,NA,NA,NA,NA,NA,NA,NA,NA
Sub45,2676.979167,NA,NA,1038.979167,818.9791667,732.9791667,594.6458333,506.9791667,675.9791667,746.6458333,618.3125,NA,664.9791667,556.6458333,595.6458333,507.3125,545.3125,518.3125,524.6458333,507.6458333,560.6458333,479.3125,732.9791667,497.6458333,475.6458333,571.3125,696.6458333,445.3125,NA,NA,1397.3125,NA,NA,NA,NA,NA,NA,NA,582.3125,NA,NA,NA,NA,NA,NA,NA,NA,NA,NA,NA,NA,NA,NA,NA
Sub46,2287.979167,NA,1715.645833,NA,477.9791667,787.3125,489.6458333,872.6458333,552.3125,815.3125,NA,512.6458333,388.9791667,370.9791667,353.9791667,450.9791667,1758.979167,691.3125,144.3125,443.6458333,177.9791667,509.6458333,392.6458333,1983.3125,217.6458333,2227.645833,2152.3125,718.9791667,953.3125,1501.645833,2287.979167,NA,1715.645833,NA,477.9791667,787.3125,489.6458333,872.6458333,552.3125,815.3125,NA,512.6458333,388.9791667,370.9791667,353.9791667,450.9791667,1758.979167,691.3125,144.3125,443.6458333,177.9791667,509.6458333,392.6458333,1983.3125
Sub47,NA,588.6458333,538.6458333,664.3125,560.6458333,534.9791667,768.9791667,436.3125,660.9791667,NA,558.6458333,675.3125,352.3125,530.6458333,428.3125,1005.3125,548.6458333,570.3125,692.9791667,373.6458333,454.3125,463.9791667,375.3125,481.9791667,630.9791667,977.6458333,3274.3125,NA,NA,NA,NA,NA,NA,NA,NA,NA,NA,NA,NA,NA,NA,NA,NA,NA,NA,NA,NA,NA,NA,NA,NA,NA,NA,NA
Sub48,NA,NA,NA,NA,NA,NA,NA,NA,NA,NA,NA,NA,NA,NA,NA,NA,NA,NA,NA,NA,NA,NA,NA,NA,NA,NA,NA,NA,1322.979167,743.6458333,754.3125,689.3125,726.9791667,951.6458333,737.9791667,1022.645833,NA,765.3125,895.9791667,776.3125,766.6458333,857.9791667,869.6458333,1011.3125,704.6458333,943.9791667,728.9791667,914.3125,773.6458333,645.3125,696.9791667,896.6458333,693.9791667,NA
Sub49,NA,810.3125,409.3125,NA,473.6458333,NA,NA,561.6458333,623.3125,NA,NA,606.9791667,759.3125,NA,NA,NA,NA,NA,NA,466.9791667,503.9791667,954.9791667,NA,341.3125,NA,NA,NA,1369.3125,NA,NA,NA,NA,NA,NA,NA,NA,NA,NA,NA,NA,NA,NA,NA,NA,NA,NA,NA,NA,NA,NA,NA,NA,NA,NA
Sub50,NA,NA,NA,NA,NA,NA,3101.979167,NA,NA,NA,NA,NA,NA,568.3125,NA,NA,NA,NA,NA,NA,NA,NA,NA,NA,NA,NA,NA,NA,NA,NA,NA,NA,NA,NA,NA,NA,NA,NA,NA,NA,NA,NA,NA,NA,NA,NA,NA,NA,NA,NA,NA,NA,NA,NA
Sub51,NA,NA,698.3125,737.3125,464.9791667,428.6458333,314.3125,652.9791667,431.3125,389.3125,2421.979167,440.6458333,406.9791667,498.9791667,395.6458333,1048.645833,473.9791667,630.3125,509.9791667,574.6458333,468.6458333,541.6458333,546.9791667,705.3125,614.9791667,401.6458333,355.3125,NA,NA,NA,NA,NA,NA,NA,NA,NA,NA,NA,NA,NA,NA,NA,NA,NA,NA,NA,NA,NA,NA,NA,NA,NA,NA,NA
Sub52,NA,NA,NA,NA,NA,NA,NA,NA,NA,NA,NA,NA,NA,NA,NA,NA,NA,NA,NA,NA,NA,NA,NA,NA,NA,NA,NA,NA,NA,NA,NA,NA,NA,NA,NA,NA,NA,NA,NA,NA,NA,NA,NA,NA,NA,NA,NA,NA,NA,NA,NA,NA,NA,NA
Sub53,NA,NA,898.9791667,624.3125,684.3125,877.3125,928.9791667,741.6458333,802.6458333,850.6458333,NA,1053.645833,817.6458333,952.6458333,739.6458333,895.6458333,459.6458333,563.3125,510.3125,550.6458333,504.6458333,424.3125,370.9791667,543.3125,543.3125,583.9791667,479.9791667,NA,NA,NA,NA,NA,NA,NA,NA,NA,NA,NA,NA,NA,NA,NA,NA,NA,NA,NA,NA,NA,NA,NA,NA,NA,NA,NA
Sub54,NA,2158.979167,539.6458333,435.9791667,656.9791667,377.3125,377.9791667,247.6458333,260.9791667,232.3125,NA,363.6458333,253.6458333,393.6458333,317.6458333,347.6458333,197.9791667,391.6458333,258.6458333,199.6458333,251.9791667,356.3125,641.9791667,414.3125,319.3125,246.9791667,239.6458333,588.6458333,NA,NA,NA,NA,NA,NA,NA,NA,1063.3125,NA,NA,NA,NA,NA,NA,NA,NA,NA,NA,NA,NA,NA,NA,NA,NA,NA
Sub55,NA,NA,753.6458333,623.9791667,488.3125,678.6458333,803.3125,1190.979167,716.3125,874.6458333,NA,531.6458333,642.9791667,793.6458333,885.9791667,1443.979167,1102.3125,1153.979167,1184.3125,966.6458333,797.3125,639.3125,996.9791667,953.3125,1041.645833,597.6458333,874.9791667,NA,NA,NA,NA,NA,NA,NA,NA,NA,NA,NA,NA,NA,NA,NA,NA,NA,NA,NA,NA,NA,NA,NA,NA,NA,NA,NA
Sub56,NA,NA,NA,NA,NA,NA,NA,NA,NA,NA,NA,NA,NA,NA,NA,NA,NA,NA,NA,NA,NA,NA,NA,NA,NA,NA,NA,NA,454.6458333,563.6458333,556.3125,563.3125,418.9791667,495.6458333,445.9791667,378.3125,1667.3125,531.6458333,452.9791667,613.3125,443.9791667,399.3125,426.3125,380.3125,338.3125,398.6458333,454.6458333,497.3125,467.3125,473.6458333,490.6458333,382.9791667,323.6458333,NA
Sub61,NA,NA,NA,NA,NA,NA,NA,NA,NA,NA,NA,NA,NA,NA,NA,NA,NA,NA,NA,NA,NA,NA,NA,NA,NA,NA,NA,NA,NA,NA,NA,NA,NA,NA,NA,NA,NA,NA,NA,NA,NA,NA,NA,NA,NA,NA,NA,NA,NA,NA,NA,NA,NA,NA
Sub62,NA,NA,NA,NA,NA,NA,NA,NA,NA,NA,NA,NA,NA,NA,NA,NA,NA,NA,NA,NA,NA,NA,NA,NA,NA,NA,NA,NA,NA,NA,NA,NA,NA,NA,NA,NA,NA,NA,NA,NA,NA,NA,NA,NA,NA,NA,NA,NA,NA,NA,NA,NA,NA,NA
Sub63,2266.979167,NA,3346.3125,1795.645833,1836.645833,961.9791667,1193.645833,839.6458333,1211.645833,992.6458333,NA,2006.979167,1003.3125,1645.645833,1325.645833,1099.3125,1347.979167,1357.979167,877.6458333,1078.979167,1147.979167,1423.645833,682.9791667,1098.645833,1046.979167,1458.645833,964.9791667,NA,NA,NA,NA,NA,NA,NA,NA,NA,NA,NA,NA,NA,NA,NA,NA,NA,NA,NA,NA,NA,NA,NA,NA,NA,NA,NA
Sub64,NA,NA,NA,NA,NA,NA,NA,NA,NA,NA,NA,NA,NA,NA,NA,NA,NA,NA,NA,NA,NA,NA,NA,NA,NA,NA,NA,NA,1949.3125,884.6458333,604.6458333,1081.645833,867.6458333,1082.645833,936.9791667,799.6458333,NA,1111.979167,646.3125,872.9791667,462.9791667,911.3125,712.3125,880.3125,3230.645833,740.9791667,806.6458333,667.9791667,791.9791667,722.6458333,548.6458333,645.3125,1081.645833,NA
