Sub_ID,RT_TSi,RT_TSi,RT_TSi,RT_TSi,RT_TSi,RT_TSi,RT_TSi,RT_TSi,RT_TSi,RT_TSi,RT_TSi,RT_TSi,RT_TSi,RT_TSi,RT_TSi,RT_TSi,RT_TSi,RT_TSi,RT_TSi,RT_TSi,RT_TSi,RT_TSi,RT_TSi,RT_TSi,RT_TSi,RT_TSi,RT_TSi,RT_TSi,RT_TSi,RT_TSi,RT_TSi,RT_TSi,RT_TSi,RT_TSi,RT_TSi,RT_TSi,RT_TSi,RT_TSi,RT_TSi,RT_TSi,RT_TSi,RT_TSi,RT_TSi,RT_TSi,RT_TSi,RT_TSi,RT_TSi,RT_TSi,RT_TSi,RT_TSi,RT_TSi,RT_TSi,RT_TSi,RT_TSi,RT_TSi,RT_TSi,RT_TSi,RT_TSi,RT_TSi,RT_TSi,RT_TSi,RT_TSi,RT_TSi,RT_TSi,RT_TSi,RT_TSi,RT_TSi,RT_TSi,RT_TSi,RT_TSi,RT_TSi,RT_TSi,RT_TSi,RT_TSi,RT_TSi,RT_TSi,RT_TSi,RT_TSi,RT_TSi,RT_TSi,RT_TSi,RT_TSi,RT_TSi,RT_TSi,RT_TSi,RT_TSi,RT_TSi,RT_TSi,RT_TSi,RT_TSi,RT_TSi,RT_TSi,RT_TSi,RT_TSi
Sub31,NA,NA,NA,NA,NA,NA,NA,NA,NA,NA,NA,NA,NA,NA,NA,NA,NA,NA,NA,NA,NA,NA,NA,NA,NA,NA,NA,NA,NA,NA,NA,NA,NA,NA,NA,NA,NA,NA,NA,NA,NA,NA,NA,NA,NA,NA,NA,NA,NA,NA,NA,NA,NA,NA,NA,NA,NA,NA,NA,NA,NA,NA,NA,NA,NA,NA,NA,NA,NA,NA,NA,NA,NA,NA,NA,NA,NA,NA,NA,NA,NA,NA,NA,NA,NA,NA,NA,NA,NA,NA,NA,NA,NA,NA
Sub32,NA,NA,NA,NA,NA,NA,NA,NA,NA,NA,NA,NA,NA,NA,NA,NA,NA,NA,NA,NA,NA,NA,NA,NA,NA,NA,NA,NA,NA,NA,NA,NA,NA,NA,NA,NA,NA,NA,NA,NA,NA,NA,NA,NA,NA,NA,NA,NA,NA,NA,NA,NA,NA,NA,NA,NA,NA,NA,NA,NA,NA,NA,NA,NA,NA,NA,NA,NA,NA,NA,NA,NA,NA,NA,NA,NA,NA,NA,NA,NA,NA,NA,NA,NA,NA,NA,NA,NA,NA,NA,NA,NA,NA,NA
Sub33,NA,NA,NA,NA,NA,NA,NA,NA,NA,NA,NA,NA,NA,NA,NA,NA,NA,NA,NA,NA,NA,NA,NA,NA,NA,NA,NA,NA,NA,NA,NA,NA,NA,NA,NA,NA,NA,NA,NA,NA,NA,NA,NA,NA,NA,NA,NA,NA,NA,NA,NA,NA,NA,NA,NA,NA,NA,NA,NA,NA,NA,NA,NA,NA,NA,NA,NA,NA,NA,NA,NA,NA,NA,NA,NA,NA,NA,NA,NA,NA,NA,NA,NA,NA,NA,NA,NA,NA,NA,NA,NA,NA,NA,NA
Sub34,NA,NA,NA,NA,NA,NA,NA,NA,NA,NA,NA,NA,NA,NA,NA,NA,NA,NA,NA,NA,NA,NA,NA,NA,NA,NA,NA,NA,NA,NA,NA,NA,NA,NA,NA,NA,NA,NA,NA,NA,NA,NA,NA,NA,NA,NA,NA,NA,NA,NA,NA,NA,NA,NA,NA,NA,NA,NA,NA,NA,NA,NA,NA,NA,NA,NA,NA,NA,NA,NA,NA,NA,NA,NA,NA,NA,NA,NA,NA,NA,NA,NA,NA,NA,NA,NA,NA,NA,NA,NA,NA,NA,NA,NA
Sub35,NA,NA,NA,NA,NA,NA,NA,NA,NA,NA,NA,NA,NA,NA,NA,NA,NA,NA,NA,NA,NA,NA,NA,NA,NA,NA,NA,NA,NA,NA,NA,NA,NA,NA,NA,NA,NA,NA,NA,NA,NA,NA,NA,NA,NA,NA,NA,NA,NA,NA,NA,NA,NA,NA,NA,NA,NA,NA,NA,NA,NA,NA,NA,NA,NA,NA,NA,NA,NA,NA,NA,NA,NA,NA,NA,NA,NA,NA,NA,NA,NA,NA,NA,NA,NA,NA,NA,NA,NA,NA,NA,NA,NA,NA
Sub36,NA,NA,NA,NA,NA,NA,NA,NA,NA,NA,NA,NA,NA,NA,NA,NA,NA,NA,NA,NA,NA,NA,NA,NA,NA,NA,NA,NA,NA,NA,NA,NA,NA,NA,NA,NA,NA,NA,NA,NA,NA,NA,NA,NA,NA,NA,NA,NA,NA,NA,NA,NA,NA,NA,NA,NA,NA,NA,NA,NA,NA,NA,NA,NA,NA,NA,NA,NA,NA,NA,NA,NA,NA,NA,NA,NA,NA,NA,NA,NA,NA,NA,NA,NA,NA,NA,NA,NA,NA,NA,NA,NA,NA,NA
Sub37,NA,NA,NA,NA,NA,NA,NA,NA,NA,NA,NA,NA,NA,NA,NA,NA,NA,NA,NA,NA,NA,NA,NA,NA,NA,NA,NA,NA,NA,NA,NA,NA,NA,NA,NA,NA,NA,NA,NA,NA,NA,NA,NA,NA,NA,NA,NA,NA,NA,NA,NA,NA,NA,NA,NA,NA,NA,NA,NA,NA,NA,NA,NA,NA,NA,NA,NA,NA,NA,NA,NA,NA,NA,NA,NA,NA,NA,NA,NA,NA,NA,NA,NA,NA,NA,NA,NA,NA,NA,NA,NA,NA,NA,NA
Sub38,NA,NA,NA,NA,NA,NA,NA,NA,NA,NA,NA,NA,NA,NA,NA,NA,NA,NA,NA,NA,NA,NA,NA,NA,NA,NA,NA,NA,NA,NA,NA,NA,NA,NA,NA,NA,NA,NA,NA,NA,NA,NA,NA,NA,NA,NA,NA,NA,NA,NA,NA,NA,NA,NA,NA,NA,NA,NA,NA,NA,NA,NA,NA,NA,NA,NA,NA,NA,NA,NA,NA,NA,NA,NA,NA,NA,NA,NA,NA,NA,NA,NA,NA,NA,NA,NA,NA,NA,NA,NA,NA,NA,NA,NA
Sub39,NA,NA,1393.645833,522.6458333,NA,NA,633.6458333,NA,450.3125,555.6458333,1010.979167,NA,633.3125,NA,NA,NA,NA,663.9791667,3897.979167,NA,492.9791667,492.3125,460.3125,397.3125,587.6458333,305.9791667,NA,NA,NA,NA,402.9791667,NA,NA,NA,NA,NA,NA,NA,NA,585.3125,473.9791667,NA,NA,NA,395.6458333,501.6458333,NA,741.3125,NA,NA,NA,431.9791667,NA,NA,NA,NA,NA,458.9791667,NA,NA,317.6458333,326.9791667,NA,NA,552.6458333,432.6458333,362.9791667,NA,NA,691.9791667,301.9791667,516.3125,NA,610.9791667,3988.979167,NA,NA,429.9791667,405.3125,436.3125,NA,516.3125,NA,420.9791667,NA,485.3125,398.3125,256.6458333,NA,505.6458333,NA,467.9791667,NA,NA
Sub40,NA,NA,783.3125,NA,584.9791667,NA,621.3125,712.6458333,510.9791667,NA,NA,NA,930.9791667,NA,NA,NA,955.6458333,926.3125,NA,NA,NA,NA,678.6458333,646.3125,NA,801.9791667,NA,1526.3125,596.3125,NA,NA,944.6458333,NA,NA,NA,846.3125,NA,NA,NA,781.9791667,642.6458333,1930.979167,NA,779.3125,624.9791667,NA,NA,NA,NA,855.9791667,NA,886.9791667,502.6458333,453.6458333,NA,NA,NA,NA,NA,NA,856.3125,383.6458333,358.6458333,NA,662.6458333,NA,638.6458333,NA,636.9791667,NA,645.3125,406.9791667,NA,NA,NA,NA,NA,NA,621.6458333,536.3125,447.6458333,NA,560.3125,650.9791667,1168.645833,506.9791667,NA,581.3125,504.9791667,410.9791667,NA,NA,NA,NA
Sub41,1483.979167,3330.979167,NA,25.64583333,1402.979167,2518.3125,509.6458333,58.3125,88.64583333,NA,16.97916667,479.9791667,2368.645833,37.3125,2017.645833,1349.3125,NA,2270.979167,3650.3125,353.6458333,NA,NA,NA,NA,NA,NA,NA,195.9791667,57.3125,294.9791667,1018.3125,3215.645833,43.3125,NA,2680.645833,1961.3125,NA,2633.979167,3595.645833,99.3125,NA,1342.645833,406.9791667,1169.645833,1137.979167,571.3125,3334.3125,136.3125,578.3125,503.6458333,378.9791667,382.9791667,43.3125,NA,NA,NA,1176.645833,2224.979167,2743.979167,249.3125,518.6458333,416.3125,NA,494.9791667,NA,NA,NA,350.9791667,250.9791667,96.3125,NA,2513.979167,NA,NA,911.6458333,NA,NA,1157.3125,87.97916667,706.6458333,37.3125,299.9791667,2307.645833,2521.979167,219.3125,3829.3125,NA,NA,2758.979167,NA,NA,1960.979167,303.3125,21.64583333
Sub42,NA,NA,NA,NA,NA,NA,NA,NA,NA,NA,NA,NA,NA,NA,NA,NA,NA,NA,NA,NA,NA,NA,NA,NA,NA,NA,NA,NA,NA,NA,NA,NA,NA,NA,NA,NA,NA,NA,NA,NA,NA,NA,NA,NA,NA,NA,NA,NA,NA,NA,NA,NA,NA,NA,NA,NA,NA,NA,NA,NA,NA,NA,NA,NA,NA,NA,NA,NA,NA,NA,NA,NA,NA,NA,NA,NA,NA,NA,NA,NA,NA,NA,NA,NA,NA,NA,NA,NA,NA,NA,NA,NA,NA,NA
Sub43,NA,NA,NA,1554.645833,473.6458333,NA,NA,738.3125,940.9791667,NA,NA,675.9791667,NA,1077.3125,NA,NA,NA,NA,NA,NA,NA,NA,NA,NA,NA,727.9791667,708.9791667,NA,742.9791667,NA,820.6458333,NA,1830.3125,NA,682.6458333,NA,NA,NA,1159.645833,NA,1212.979167,NA,NA,662.6458333,NA,1455.645833,560.9791667,459.3125,NA,NA,NA,NA,NA,259.9791667,NA,NA,NA,816.9791667,451.3125,190.6458333,NA,NA,NA,NA,531.9791667,NA,NA,627.3125,NA,682.9791667,425.9791667,717.3125,NA,2075.979167,NA,NA,NA,NA,743.6458333,354.9791667,248.9791667,381.9791667,508.9791667,NA,NA,NA,NA,432.3125,364.9791667,257.3125,NA,1131.979167,NA,NA
Sub44,NA,57.3125,NA,450.9791667,NA,485.9791667,NA,555.6458333,590.6458333,1277.979167,NA,543.3125,NA,NA,633.3125,NA,NA,NA,3233.645833,NA,NA,NA,NA,NA,318.9791667,NA,NA,267.9791667,NA,663.3125,389.3125,NA,416.9791667,507.9791667,526.3125,399.9791667,NA,615.3125,NA,618.9791667,270.6458333,625.6458333,NA,NA,2498.645833,311.9791667,NA,377.6458333,NA,NA,460.3125,NA,348.9791667,496.9791667,NA,3045.3125,NA,NA,1695.3125,601.3125,NA,NA,683.6458333,487.6458333,NA,522.9791667,NA,361.3125,337.9791667,NA,623.9791667,NA,NA,558.6458333,NA,NA,417.3125,NA,NA,NA,3892.645833,375.3125,294.6458333,383.3125,NA,NA,475.6458333,392.6458333,NA,251.6458333,NA,NA,NA,NA
Sub45,NA,NA,NA,1110.979167,NA,677.3125,477.3125,518.9791667,NA,NA,1022.3125,979.9791667,NA,NA,NA,649.6458333,709.3125,NA,NA,1235.3125,995.9791667,616.9791667,299.9791667,436.9791667,340.9791667,NA,446.3125,443.3125,1031.979167,548.6458333,NA,667.6458333,NA,538.9791667,762.3125,NA,NA,NA,895.3125,NA,NA,NA,NA,NA,NA,710.9791667,613.3125,NA,1187.979167,NA,510.6458333,NA,NA,NA,1123.979167,NA,NA,NA,NA,401.6458333,NA,1276.3125,889.3125,NA,1541.3125,683.6458333,466.9791667,NA,NA,745.9791667,NA,983.3125,471.3125,496.6458333,NA,NA,417.6458333,NA,NA,841.6458333,378.3125,427.6458333,500.3125,480.9791667,NA,673.9791667,NA,NA,NA,819.6458333,NA,NA,NA,NA
Sub46,NA,1023.3125,NA,NA,1189.645833,1439.3125,982.6458333,NA,NA,1287.3125,761.9791667,639.6458333,848.9791667,NA,756.9791667,501.3125,NA,NA,NA,759.6458333,555.9791667,615.6458333,529.9791667,674.9791667,NA,739.3125,535.3125,496.3125,515.9791667,NA,1898.979167,NA,1234.3125,719.9791667,NA,NA,NA,708.9791667,NA,NA,NA,NA,NA,NA,1000.645833,441.9791667,NA,730.3125,NA,615.9791667,NA,NA,NA,1023.645833,NA,NA,NA,NA,860.9791667,NA,NA,767.3125,NA,NA,863.9791667,405.3125,NA,NA,632.3125,NA,513.6458333,579.6458333,1840.979167,NA,NA,737.6458333,NA,NA,719.9791667,559.3125,374.6458333,428.3125,512.9791667,NA,548.9791667,NA,NA,NA,889.6458333,NA,735.3125,NA,NA,NA
Sub47,NA,NA,NA,747.9791667,1279.979167,574.3125,NA,NA,779.3125,546.9791667,573.9791667,NA,552.6458333,NA,NA,849.3125,NA,NA,640.9791667,788.3125,NA,NA,1244.979167,577.9791667,492.9791667,NA,865.3125,648.9791667,634.9791667,NA,NA,NA,NA,531.6458333,NA,NA,NA,NA,NA,612.6458333,NA,NA,NA,NA,NA,702.9791667,677.9791667,NA,797.6458333,NA,828.3125,2724.979167,858.9791667,623.6458333,NA,NA,NA,NA,566.6458333,483.3125,530.3125,NA,NA,NA,NA,1847.3125,454.6458333,514.6458333,642.6458333,NA,645.6458333,NA,NA,NA,NA,827.9791667,604.9791667,NA,1075.3125,NA,NA,719.9791667,NA,NA,662.6458333,NA,659.3125,731.9791667,NA,2043.3125,NA,1106.979167,NA,NA
Sub48,NA,NA,1531.645833,1436.979167,NA,1154.3125,1611.645833,NA,NA,1365.3125,1326.979167,1105.3125,1845.3125,NA,NA,1137.645833,NA,NA,NA,NA,1014.3125,NA,NA,898.6458333,NA,NA,NA,1053.979167,NA,NA,NA,NA,NA,968.6458333,NA,NA,NA,NA,856.9791667,653.9791667,NA,NA,NA,1028.979167,NA,NA,NA,1445.3125,967.6458333,1070.979167,NA,988.6458333,NA,1165.3125,799.9791667,NA,NA,NA,NA,NA,NA,1187.3125,NA,NA,791.6458333,NA,NA,1035.645833,NA,NA,NA,NA,1688.3125,NA,NA,NA,NA,1086.3125,882.3125,NA,901.3125,NA,NA,NA,NA,NA,1056.3125,NA,NA,1254.979167,NA,NA,1416.979167,NA
Sub49,NA,762.9791667,NA,NA,NA,NA,425.6458333,217.3125,200.6458333,NA,NA,514.3125,NA,NA,445.9791667,NA,515.9791667,3001.979167,1753.645833,514.6458333,NA,NA,NA,NA,417.6458333,NA,NA,NA,291.3125,NA,613.3125,NA,361.6458333,394.3125,NA,NA,NA,818.9791667,NA,NA,NA,NA,NA,NA,NA,308.3125,NA,NA,NA,NA,NA,NA,475.3125,1177.979167,NA,805.9791667,728.6458333,329.9791667,1397.645833,NA,570.6458333,NA,471.6458333,337.9791667,NA,NA,NA,458.6458333,NA,NA,526.3125,511.6458333,424.3125,NA,NA,NA,1219.3125,NA,NA,NA,445.9791667,NA,NA,NA,NA,474.3125,NA,500.3125,337.9791667,NA,NA,NA,NA,762.9791667
Sub50,NA,NA,NA,NA,NA,NA,NA,NA,NA,NA,NA,NA,NA,NA,NA,NA,NA,NA,NA,NA,NA,NA,NA,NA,NA,NA,NA,NA,NA,NA,NA,NA,NA,NA,NA,NA,NA,NA,NA,NA,NA,NA,NA,NA,NA,NA,NA,NA,NA,NA,NA,NA,NA,NA,NA,NA,NA,NA,NA,NA,NA,NA,NA,NA,NA,NA,NA,NA,NA,NA,NA,NA,NA,NA,NA,NA,NA,NA,NA,NA,NA,NA,NA,NA,NA,NA,NA,NA,NA,NA,NA,NA,NA,NA
Sub51,NA,NA,NA,699.9791667,NA,671.9791667,565.6458333,NA,294.9791667,NA,NA,785.9791667,537.6458333,399.6458333,501.9791667,NA,NA,NA,NA,NA,NA,NA,430.6458333,NA,NA,643.6458333,NA,NA,NA,NA,634.6458333,357.3125,1526.979167,NA,NA,NA,NA,NA,NA,473.6458333,446.6458333,779.3125,NA,NA,533.9791667,571.3125,382.3125,NA,NA,517.3125,NA,699.9791667,494.9791667,NA,552.6458333,NA,NA,447.6458333,370.3125,NA,NA,NA,561.3125,NA,652.6458333,NA,NA,NA,654.9791667,546.9791667,506.9791667,NA,870.9791667,NA,NA,NA,564.6458333,342.3125,434.3125,NA,NA,422.9791667,510.9791667,427.6458333,NA,469.3125,NA,378.6458333,451.6458333,NA,425.9791667,NA,NA,NA
Sub52,NA,NA,NA,NA,NA,NA,NA,NA,NA,NA,NA,NA,NA,NA,NA,NA,NA,NA,NA,NA,NA,NA,NA,NA,NA,NA,NA,NA,NA,NA,NA,NA,NA,NA,NA,NA,NA,NA,NA,NA,NA,NA,NA,NA,NA,NA,NA,NA,NA,NA,NA,NA,NA,NA,NA,NA,NA,NA,NA,NA,NA,NA,NA,NA,NA,NA,NA,NA,NA,NA,NA,NA,NA,NA,NA,NA,NA,NA,NA,NA,NA,NA,NA,NA,NA,NA,NA,NA,NA,NA,NA,NA,NA,NA
Sub53,NA,NA,692.3125,654.3125,413.3125,612.6458333,NA,NA,668.9791667,NA,586.6458333,999.9791667,NA,NA,1319.979167,NA,NA,809.6458333,NA,NA,1345.979167,NA,1380.645833,NA,NA,1650.979167,444.3125,NA,812.9791667,405.3125,550.9791667,NA,NA,NA,NA,555.9791667,NA,NA,NA,NA,710.6458333,543.9791667,583.6458333,NA,NA,1169.979167,NA,NA,NA,NA,726.3125,437.6458333,414.3125,468.3125,526.9791667,NA,NA,NA,742.3125,NA,799.3125,407.9791667,NA,481.6458333,NA,551.3125,NA,846.3125,485.9791667,487.3125,NA,640.6458333,503.3125,484.6458333,NA,NA,552.3125,517.9791667,NA,522.6458333,692.3125,525.9791667,NA,NA,861.3125,NA,NA,NA,430.6458333,NA,NA,900.6458333,NA,NA
Sub54,NA,NA,NA,1052.3125,NA,679.9791667,NA,NA,NA,NA,689.6458333,NA,NA,NA,NA,NA,NA,805.9791667,NA,NA,1014.3125,NA,NA,NA,NA,NA,779.6458333,NA,NA,1007.979167,NA,NA,NA,NA,NA,1331.645833,NA,NA,NA,NA,NA,NA,NA,NA,NA,NA,NA,NA,NA,NA,NA,960.3125,NA,1020.3125,NA,NA,NA,NA,877.6458333,NA,NA,NA,NA,1282.3125,NA,1004.645833,NA,821.6458333,925.6458333,NA,NA,NA,NA,740.3125,NA,NA,1366.645833,979.6458333,NA,NA,NA,NA,NA,NA,NA,792.6458333,NA,NA,NA,NA,NA,807.6458333,NA,NA
Sub55,NA,NA,620.3125,591.3125,NA,NA,NA,892.3125,697.6458333,NA,NA,NA,971.3125,NA,765.6458333,977.9791667,NA,909.6458333,NA,NA,906.3125,661.6458333,828.9791667,515.9791667,NA,985.3125,NA,642.6458333,NA,NA,NA,NA,962.6458333,790.9791667,NA,936.3125,NA,NA,NA,NA,933.9791667,NA,NA,NA,NA,1226.979167,NA,1139.645833,NA,NA,NA,671.9791667,649.6458333,NA,NA,NA,NA,776.9791667,NA,479.3125,391.9791667,367.9791667,762.3125,758.9791667,NA,NA,740.9791667,NA,1071.645833,747.6458333,NA,NA,685.6458333,NA,NA,NA,NA,NA,NA,721.3125,621.6458333,832.9791667,633.9791667,NA,NA,1210.3125,1116.3125,NA,569.9791667,554.6458333,501.9791667,NA,NA,NA
Sub56,NA,NA,799.6458333,NA,NA,873.9791667,NA,1302.3125,1001.979167,410.3125,NA,NA,NA,1017.3125,NA,NA,575.6458333,444.3125,NA,1365.3125,NA,980.3125,544.3125,324.9791667,513.3125,NA,1554.979167,623.6458333,680.3125,817.3125,NA,NA,NA,523.9791667,NA,NA,NA,NA,NA,778.3125,NA,NA,614.6458333,532.6458333,519.9791667,NA,NA,483.9791667,446.9791667,NA,NA,578.3125,NA,848.9791667,NA,NA,NA,NA,700.6458333,NA,NA,356.9791667,660.6458333,NA,NA,754.6458333,882.6458333,653.3125,NA,NA,NA,NA,NA,NA,NA,NA,600.6458333,NA,NA,569.9791667,NA,1870.979167,1001.645833,NA,NA,438.6458333,848.9791667,300.6458333,NA,585.3125,746.3125,NA,1192.645833,NA
Sub57,NA,NA,975.6458333,767.9791667,585.6458333,596.9791667,NA,1029.645833,NA,NA,NA,NA,NA,NA,NA,NA,NA,510.3125,NA,1130.645833,NA,1116.645833,NA,1065.979167,507.3125,NA,NA,987.6458333,557.6458333,NA,548.9791667,725.6458333,589.6458333,893.6458333,434.9791667,NA,NA,NA,NA,NA,NA,471.9791667,NA,NA,2094.3125,NA,929.3125,NA,NA,1176.3125,710.6458333,686.6458333,600.9791667,NA,NA,NA,NA,NA,NA,NA,NA,NA,NA,NA,NA,NA,NA,NA,NA,NA,945.6458333,NA,NA,NA,NA,NA,NA,NA,NA,NA,NA,509.9791667,NA,NA,930.6458333,NA,NA,NA,444.6458333,NA,NA,NA,NA,NA
Sub61,NA,NA,NA,NA,NA,NA,NA,NA,NA,NA,NA,NA,NA,NA,NA,NA,NA,NA,NA,NA,NA,NA,NA,NA,NA,NA,NA,NA,NA,NA,NA,NA,NA,NA,NA,NA,NA,NA,NA,NA,NA,NA,NA,NA,NA,NA,NA,NA,NA,NA,NA,NA,NA,NA,NA,NA,NA,NA,NA,NA,NA,NA,NA,NA,NA,NA,NA,NA,NA,NA,NA,NA,NA,NA,NA,NA,NA,NA,NA,NA,NA,NA,NA,NA,NA,NA,NA,NA,NA,NA,NA,NA,NA,NA
Sub62,NA,NA,NA,NA,NA,NA,NA,NA,NA,NA,NA,NA,NA,NA,NA,NA,NA,NA,NA,NA,NA,NA,NA,NA,NA,NA,NA,NA,NA,NA,NA,NA,NA,NA,NA,NA,NA,NA,NA,NA,NA,NA,NA,NA,NA,NA,NA,NA,NA,NA,NA,NA,NA,NA,NA,NA,NA,NA,NA,NA,NA,NA,NA,NA,NA,NA,NA,NA,NA,NA,NA,NA,NA,NA,NA,NA,NA,NA,NA,NA,NA,NA,NA,NA,NA,NA,NA,NA,NA,NA,NA,NA,NA,NA
Sub63,NA,NA,1869.979167,763.6458333,839.6458333,700.9791667,NA,NA,794.6458333,NA,NA,827.6458333,1622.3125,NA,972.6458333,NA,NA,747.3125,NA,750.6458333,740.6458333,753.6458333,NA,NA,NA,NA,595.9791667,627.6458333,NA,NA,NA,834.3125,768.3125,629.6458333,944.3125,NA,NA,NA,NA,644.9791667,NA,NA,803.9791667,NA,978.6458333,1068.645833,NA,610.6458333,692.3125,733.9791667,678.6458333,NA,NA,NA,1156.979167,NA,NA,NA,NA,761.9791667,808.3125,NA,950.9791667,NA,1126.3125,NA,784.9791667,NA,868.3125,NA,NA,NA,NA,NA,NA,NA,838.3125,615.3125,NA,735.9791667,620.3125,596.3125,463.9791667,NA,NA,639.6458333,NA,NA,NA,762.6458333,NA,875.9791667,494.6458333,NA
Sub64,NA,2220.979167,NA,553.6458333,1726.3125,952.6458333,NA,NA,NA,NA,2716.3125,NA,2921.645833,930.3125,NA,NA,1490.979167,NA,NA,NA,NA,906.9791667,974.6458333,NA,700.6458333,655.9791667,548.6458333,443.3125,NA,NA,1092.979167,523.9791667,474.3125,NA,988.9791667,NA,NA,NA,NA,NA,NA,NA,1495.645833,NA,NA,1435.979167,786.9791667,623.9791667,804.3125,NA,NA,NA,NA,NA,NA,NA,623.6458333,NA,NA,1344.3125,NA,1393.645833,695.9791667,NA,705.9791667,NA,615.9791667,543.6458333,NA,613.9791667,NA,661.9791667,NA,NA,NA,NA,NA,795.3125,599.6458333,NA,935.9791667,NA,657.3125,NA,NA,NA,NA,757.6458333,682.9791667,561.3125,434.9791667,795.3125,NA,2220.979167
Sub65,NA,979.9791667,2625.3125,931.9791667,NA,NA,NA,784.9791667,425.3125,833.9791667,NA,NA,787.3125,NA,NA,431.3125,628.9791667,NA,531.6458333,NA,NA,NA,504.9791667,764.3125,347.9791667,711.3125,NA,674.6458333,393.9791667,NA,NA,535.3125,NA,NA,788.9791667,NA,NA,442.9791667,361.3125,NA,NA,NA,860.6458333,520.3125,441.6458333,NA,595.3125,461.6458333,NA,NA,525.3125,620.3125,426.6458333,NA,NA,NA,NA,936.3125,586.6458333,496.9791667,644.6458333,NA,NA,569.3125,NA,NA,563.9791667,530.9791667,NA,558.9791667,NA,432.9791667,577.9791667,NA,NA,827.6458333,NA,NA,NA,NA,536.9791667,NA,NA,NA,570.3125,NA,501.3125,NA,NA,498.6458333,495.9791667,406.6458333,NA,979.9791667
Sub66,NA,3225.645833,NA,2582.645833,776.6458333,684.6458333,NA,820.9791667,672.3125,NA,1558.979167,NA,NA,NA,NA,1463.979167,596.9791667,NA,NA,NA,451.6458333,NA,2287.3125,NA,1228.645833,966.9791667,NA,NA,NA,NA,1025.3125,630.3125,NA,1396.645833,NA,1035.645833,NA,NA,1521.3125,501.9791667,1389.979167,NA,NA,NA,NA,NA,NA,NA,NA,NA,547.9791667,NA,390.9791667,NA,940.6458333,NA,NA,NA,NA,NA,1340.645833,755.6458333,528.9791667,NA,1122.645833,492.6458333,524.6458333,NA,614.6458333,NA,NA,NA,1174.3125,642.6458333,NA,NA,1159.979167,402.6458333,NA,NA,NA,1392.645833,440.9791667,NA,NA,NA,1011.979167,NA,NA,927.3125,NA,NA,NA,NA
Sub67,1598.645833,NA,2141.979167,NA,NA,NA,NA,693.3125,689.9791667,NA,606.3125,NA,NA,NA,NA,NA,2779.3125,1397.3125,NA,730.6458333,1903.979167,610.6458333,1501.645833,NA,NA,NA,NA,NA,NA,639.6458333,NA,1261.3125,729.6458333,NA,NA,553.9791667,NA,NA,NA,736.6458333,NA,1497.979167,NA,1279.645833,857.3125,NA,NA,NA,NA,545.6458333,NA,2554.645833,607.3125,NA,NA,NA,149.3125,583.6458333,NA,NA,516.3125,415.6458333,NA,420.3125,1198.979167,NA,1322.645833,NA,489.6458333,NA,NA,1219.645833,467.9791667,NA,NA,NA,NA,NA,1310.979167,3211.3125,NA,NA,1273.645833,597.6458333,1138.979167,3662.645833,1092.3125,667.9791667,510.9791667,725.9791667,713.3125,539.3125,NA,1598.645833
