Sub_ID,RT_TSc,RT_TSc,RT_TSc,RT_TSc,RT_TSc,RT_TSc,RT_TSc,RT_TSc,RT_TSc,RT_TSc,RT_TSc,RT_TSc,RT_TSc,RT_TSc,RT_TSc,RT_TSc,RT_TSc,RT_TSc,RT_TSc,RT_TSc,RT_TSc,RT_TSc,RT_TSc,RT_TSc,RT_TSc,RT_TSc,RT_TSc,RT_TSc,RT_TSc,RT_TSc,RT_TSc,RT_TSc,RT_TSc,RT_TSc,RT_TSc,RT_TSc,RT_TSc,RT_TSc,RT_TSc,RT_TSc,RT_TSc,RT_TSc,RT_TSc,RT_TSc,RT_TSc,RT_TSc,RT_TSc,RT_TSc,RT_TSc,RT_TSc,RT_TSc,RT_TSc,RT_TSc,RT_TSc,RT_TSc,RT_TSc,RT_TSc,RT_TSc,RT_TSc,RT_TSc,RT_TSc,RT_TSc,RT_TSc,RT_TSc,RT_TSc,RT_TSc,RT_TSc,RT_TSc,RT_TSc,RT_TSc,RT_TSc,RT_TSc,RT_TSc,RT_TSc,RT_TSc,RT_TSc,RT_TSc,RT_TSc,RT_TSc,RT_TSc,RT_TSc,RT_TSc,RT_TSc,RT_TSc,RT_TSc,RT_TSc,RT_TSc,RT_TSc,RT_TSc,RT_TSc,RT_TSc,RT_TSc,RT_TSc,RT_TSc
Sub31,NA,NA,NA,634.3125,NA,NA,NA,526.9791667,501.9791667,NA,612.3125,506.9791667,418.6458333,532.3125,NA,420.9791667,NA,NA,NA,774.3125,NA,278.3125,669.9791667,2234.979167,468.9791667,631.9791667,1089.979167,NA,568.6458333,NA,514.9791667,440.9791667,NA,NA,757.6458333,NA,NA,NA,551.9791667,515.6458333,412.3125,NA,NA,377.9791667,NA,NA,NA,567.9791667,400.9791667,NA,NA,432.3125,333.9791667,NA,NA,2820.979167,NA,520.9791667,478.3125,NA,NA,NA,NA,NA,526.9791667,NA,1658.979167,389.3125,NA,2016.3125,950.3125,560.9791667,NA,NA,NA,NA,NA,454.9791667,511.6458333,448.3125,608.9791667,448.6458333,470.3125,NA,494.9791667,NA,NA,NA,NA,NA,559.3125,NA,490.6458333,NA
Sub32,NA,NA,NA,NA,NA,NA,NA,NA,NA,NA,NA,NA,NA,NA,NA,NA,NA,NA,NA,NA,NA,NA,NA,NA,NA,NA,NA,NA,NA,NA,NA,NA,NA,NA,NA,NA,NA,NA,NA,NA,NA,NA,NA,NA,NA,NA,NA,NA,NA,NA,NA,NA,NA,NA,NA,NA,NA,NA,NA,NA,NA,NA,NA,NA,NA,NA,NA,NA,NA,NA,NA,NA,NA,NA,NA,NA,NA,NA,NA,NA,NA,NA,NA,NA,NA,NA,NA,NA,NA,NA,NA,NA,NA,NA
Sub33,NA,NA,NA,NA,NA,NA,NA,NA,NA,NA,NA,NA,NA,NA,NA,NA,NA,NA,NA,NA,NA,NA,NA,NA,NA,NA,NA,NA,NA,NA,NA,NA,NA,NA,NA,NA,NA,NA,NA,NA,NA,NA,NA,NA,NA,NA,NA,NA,NA,NA,NA,NA,NA,NA,NA,NA,NA,NA,NA,NA,NA,NA,NA,NA,NA,NA,NA,NA,NA,NA,NA,NA,NA,NA,NA,NA,NA,NA,NA,NA,NA,NA,NA,NA,NA,NA,NA,NA,NA,NA,NA,NA,NA,NA
Sub34,NA,NA,NA,NA,NA,NA,NA,NA,NA,NA,NA,NA,NA,NA,NA,NA,NA,NA,NA,NA,NA,NA,NA,NA,NA,NA,NA,NA,NA,NA,NA,NA,NA,NA,NA,NA,NA,NA,NA,NA,NA,NA,NA,NA,NA,NA,NA,NA,NA,NA,NA,NA,NA,NA,NA,NA,NA,NA,NA,NA,NA,NA,NA,NA,NA,NA,NA,NA,NA,NA,NA,NA,NA,NA,NA,NA,NA,NA,NA,NA,NA,NA,NA,NA,NA,NA,NA,NA,NA,NA,NA,NA,NA,NA
Sub35,NA,NA,NA,NA,NA,NA,NA,NA,NA,NA,NA,NA,NA,NA,NA,NA,NA,NA,NA,NA,NA,NA,NA,NA,NA,NA,NA,NA,NA,NA,NA,NA,NA,NA,NA,NA,NA,NA,NA,NA,NA,NA,NA,NA,NA,NA,NA,NA,NA,NA,NA,NA,NA,NA,NA,NA,NA,NA,NA,NA,NA,NA,NA,NA,NA,NA,NA,NA,NA,NA,NA,NA,NA,NA,NA,NA,NA,NA,NA,NA,NA,NA,NA,NA,NA,NA,NA,NA,NA,NA,NA,NA,NA,NA
Sub36,NA,NA,NA,NA,NA,NA,NA,NA,NA,NA,NA,NA,NA,NA,NA,NA,NA,NA,NA,NA,NA,NA,NA,NA,NA,NA,NA,NA,NA,NA,NA,NA,NA,NA,NA,NA,NA,NA,NA,NA,NA,NA,NA,NA,NA,NA,NA,NA,NA,NA,NA,NA,NA,NA,NA,NA,NA,NA,NA,NA,NA,NA,NA,NA,NA,NA,NA,NA,NA,NA,NA,NA,NA,NA,NA,NA,NA,NA,NA,NA,NA,NA,NA,NA,NA,NA,NA,NA,NA,NA,NA,NA,NA,NA
Sub37,NA,NA,NA,NA,NA,NA,NA,NA,NA,NA,NA,NA,NA,NA,NA,NA,NA,NA,NA,NA,NA,NA,NA,NA,NA,NA,NA,NA,NA,NA,NA,NA,NA,NA,NA,NA,NA,NA,NA,NA,NA,NA,NA,NA,NA,NA,NA,NA,NA,NA,NA,NA,NA,NA,NA,NA,NA,NA,NA,NA,NA,NA,NA,NA,NA,NA,NA,NA,NA,NA,NA,NA,NA,NA,NA,NA,NA,NA,NA,NA,NA,NA,NA,NA,NA,NA,NA,NA,NA,NA,NA,NA,NA,NA
Sub38,NA,NA,NA,NA,NA,NA,NA,NA,NA,NA,NA,NA,NA,NA,NA,NA,NA,NA,NA,NA,NA,NA,NA,NA,NA,NA,NA,NA,NA,NA,NA,NA,NA,NA,NA,NA,NA,NA,NA,NA,NA,NA,NA,NA,NA,NA,NA,NA,NA,NA,NA,NA,NA,NA,NA,NA,NA,NA,NA,NA,NA,NA,NA,NA,NA,NA,NA,NA,NA,NA,NA,NA,NA,NA,NA,NA,NA,NA,NA,NA,NA,NA,NA,NA,NA,NA,NA,NA,NA,NA,NA,NA,NA,NA
Sub39,NA,NA,NA,NA,NA,NA,NA,NA,NA,NA,NA,NA,NA,NA,NA,NA,NA,NA,NA,NA,NA,NA,NA,NA,NA,NA,NA,NA,NA,NA,NA,NA,NA,NA,NA,NA,NA,NA,NA,NA,NA,NA,NA,NA,NA,NA,NA,NA,NA,NA,NA,NA,NA,NA,NA,NA,NA,NA,NA,NA,NA,NA,NA,NA,NA,NA,NA,NA,NA,NA,NA,NA,NA,NA,NA,NA,NA,NA,NA,NA,NA,NA,NA,NA,NA,NA,NA,NA,NA,NA,NA,NA,NA,NA
Sub40,NA,NA,826.9791667,NA,472.9791667,1606.979167,NA,1380.979167,NA,749.9791667,765.3125,598.3125,NA,NA,NA,NA,NA,378.6458333,NA,307.6458333,NA,NA,544.6458333,226.6458333,465.9791667,NA,NA,NA,553.3125,NA,NA,NA,702.6458333,1046.3125,NA,930.3125,NA,NA,NA,NA,562.9791667,534.9791667,NA,NA,NA,NA,NA,NA,NA,NA,323.6458333,NA,691.3125,NA,NA,NA,NA,837.9791667,289.6458333,228.6458333,NA,371.3125,NA,304.6458333,759.9791667,299.9791667,454.9791667,NA,668.9791667,NA,349.3125,526.6458333,466.6458333,NA,NA,NA,NA,343.3125,NA,522.9791667,452.9791667,NA,NA,NA,457.6458333,NA,472.9791667,536.9791667,NA,504.9791667,395.3125,350.3125,380.3125,NA
Sub41,NA,NA,NA,732.3125,722.6458333,NA,686.6458333,NA,NA,1138.979167,1041.3125,813.9791667,696.9791667,NA,1029.3125,NA,NA,NA,NA,713.6458333,NA,NA,NA,885.9791667,NA,NA,756.3125,NA,NA,NA,NA,NA,NA,NA,NA,NA,NA,NA,NA,583.3125,740.3125,1080.3125,NA,NA,NA,890.3125,NA,NA,NA,1069.3125,NA,NA,954.6458333,NA,NA,NA,NA,NA,NA,NA,NA,NA,NA,NA,NA,1047.979167,NA,766.9791667,NA,NA,NA,NA,NA,NA,NA,905.6458333,NA,NA,686.9791667,NA,NA,NA,NA,1013.979167,NA,NA,NA,NA,NA,NA,NA,NA,NA,NA
Sub42,NA,NA,NA,NA,NA,NA,NA,NA,NA,NA,NA,NA,NA,NA,NA,NA,NA,NA,NA,NA,NA,NA,NA,NA,NA,NA,NA,NA,NA,NA,NA,NA,NA,NA,NA,NA,NA,NA,NA,NA,NA,NA,NA,NA,NA,NA,NA,NA,NA,NA,NA,NA,NA,NA,NA,NA,NA,NA,NA,NA,NA,NA,NA,NA,NA,NA,NA,NA,NA,NA,NA,NA,NA,NA,NA,NA,NA,NA,NA,NA,NA,NA,NA,NA,NA,NA,NA,NA,NA,NA,NA,NA,NA,NA
Sub43,NA,NA,1249.3125,625.3125,NA,NA,NA,NA,NA,NA,NA,2279.645833,NA,NA,1224.645833,NA,NA,NA,NA,1367.979167,NA,630.9791667,850.9791667,1137.3125,570.6458333,NA,1147.3125,1258.645833,973.9791667,NA,NA,NA,NA,1124.979167,NA,NA,NA,NA,NA,NA,687.9791667,NA,1098.979167,1529.979167,874.3125,NA,1380.3125,NA,958.9791667,280.3125,NA,NA,NA,1055.3125,571.9791667,3318.645833,NA,898.9791667,650.9791667,NA,862.3125,NA,546.3125,NA,NA,NA,777.6458333,1684.3125,NA,698.9791667,793.9791667,NA,974.3125,1123.3125,NA,NA,NA,NA,2782.979167,NA,NA,807.6458333,850.6458333,871.3125,1228.645833,NA,NA,880.6458333,422.3125,NA,NA,NA,1205.979167,NA
Sub44,NA,NA,NA,NA,NA,NA,1924.3125,NA,3170.645833,NA,NA,NA,NA,NA,NA,NA,NA,NA,NA,NA,NA,NA,NA,NA,NA,NA,NA,NA,NA,519.6458333,NA,NA,NA,NA,NA,NA,NA,NA,NA,NA,533.9791667,NA,NA,NA,NA,NA,NA,NA,665.3125,NA,NA,891.6458333,NA,NA,NA,NA,NA,NA,NA,NA,NA,NA,NA,NA,NA,NA,NA,NA,NA,NA,NA,658.9791667,NA,659.6458333,NA,NA,NA,NA,NA,NA,NA,NA,NA,NA,NA,NA,NA,NA,NA,2127.3125,NA,NA,NA,NA
Sub45,NA,NA,NA,461.3125,502.6458333,446.9791667,NA,NA,571.6458333,NA,NA,1615.645833,520.6458333,439.9791667,NA,767.9791667,NA,NA,NA,NA,NA,NA,795.9791667,412.9791667,477.6458333,NA,498.9791667,NA,474.6458333,NA,NA,888.9791667,NA,882.6458333,634.9791667,NA,NA,NA,544.9791667,427.3125,472.9791667,NA,NA,NA,NA,1417.645833,NA,1017.645833,NA,NA,3016.3125,646.6458333,715.3125,627.9791667,NA,NA,574.6458333,506.9791667,NA,NA,610.9791667,385.9791667,473.9791667,NA,NA,NA,778.9791667,NA,NA,609.3125,NA,NA,784.6458333,NA,NA,NA,546.9791667,NA,482.6458333,422.9791667,1153.979167,NA,378.9791667,NA,NA,931.6458333,804.3125,NA,567.6458333,728.9791667,554.9791667,NA,NA,NA
Sub46,NA,NA,NA,1183.645833,622.9791667,NA,NA,NA,963.9791667,NA,NA,679.6458333,NA,NA,1122.645833,883.9791667,NA,NA,NA,2202.979167,NA,NA,NA,1163.3125,592.6458333,711.3125,662.6458333,NA,893.3125,NA,537.3125,596.9791667,NA,632.3125,714.3125,NA,NA,NA,NA,NA,471.3125,593.3125,NA,NA,3673.645833,664.3125,474.6458333,NA,NA,NA,NA,NA,1057.3125,NA,555.6458333,NA,NA,NA,596.6458333,NA,635.3125,668.9791667,469.9791667,NA,NA,NA,859.9791667,NA,509.3125,NA,NA,NA,NA,NA,NA,NA,NA,1007.979167,1209.3125,NA,NA,NA,NA,594.6458333,NA,941.6458333,NA,NA,NA,NA,548.3125,909.9791667,587.6458333,NA
Sub47,NA,NA,1281.645833,NA,782.3125,867.6458333,768.9791667,NA,NA,NA,NA,NA,731.9791667,638.6458333,NA,NA,NA,989.3125,NA,2068.645833,737.3125,NA,1059.979167,NA,977.9791667,772.3125,688.9791667,819.6458333,NA,740.6458333,NA,NA,NA,NA,NA,NA,NA,NA,828.9791667,763.3125,NA,782.6458333,878.9791667,728.6458333,712.9791667,777.6458333,NA,NA,NA,NA,1058.3125,NA,NA,NA,NA,NA,NA,953.9791667,NA,1111.3125,895.3125,NA,815.9791667,NA,NA,NA,NA,NA,NA,NA,NA,NA,1302.645833,NA,NA,NA,811.6458333,NA,945.3125,771.6458333,NA,1051.645833,NA,NA,1294.979167,820.9791667,1004.3125,1197.645833,NA,NA,1172.3125,NA,884.9791667,NA
Sub48,NA,NA,480.9791667,619.3125,NA,614.6458333,NA,543.3125,NA,NA,NA,498.3125,709.9791667,NA,NA,NA,516.3125,457.3125,NA,NA,NA,771.6458333,NA,1365.979167,NA,575.3125,NA,529.9791667,NA,NA,NA,NA,629.6458333,NA,646.9791667,416.9791667,NA,NA,856.6458333,NA,NA,564.6458333,695.6458333,NA,625.3125,376.3125,NA,619.3125,NA,1292.979167,454.9791667,490.3125,NA,NA,670.3125,NA,NA,615.9791667,437.9791667,NA,NA,424.6458333,NA,556.3125,NA,481.6458333,NA,511.3125,NA,NA,515.6458333,NA,NA,NA,NA,NA,NA,NA,NA,NA,682.6458333,NA,NA,NA,NA,NA,NA,572.6458333,482.6458333,NA,NA,570.3125,NA,NA
Sub49,NA,NA,NA,NA,NA,NA,3101.979167,NA,NA,NA,NA,NA,NA,568.3125,NA,NA,NA,NA,NA,NA,NA,NA,NA,NA,NA,NA,NA,NA,NA,NA,NA,NA,NA,NA,NA,NA,NA,NA,NA,NA,NA,NA,NA,NA,NA,NA,NA,NA,NA,NA,NA,NA,NA,NA,80.97916667,NA,NA,NA,NA,NA,NA,NA,NA,NA,3054.3125,NA,1.979166667,NA,NA,NA,NA,NA,NA,NA,NA,NA,NA,NA,NA,NA,NA,NA,NA,NA,NA,NA,NA,NA,NA,NA,NA,NA,NA,NA
Sub50,NA,NA,1208.645833,494.3125,607.6458333,NA,NA,790.3125,636.6458333,NA,NA,NA,NA,936.6458333,NA,528.3125,NA,541.6458333,1445.645833,NA,NA,NA,NA,NA,NA,699.3125,476.6458333,NA,NA,NA,620.6458333,545.6458333,621.9791667,744.6458333,NA,NA,2858.645833,NA,NA,NA,1161.645833,NA,752.9791667,510.9791667,NA,656.9791667,1252.979167,NA,1041.645833,507.3125,NA,745.3125,NA,629.3125,1003.3125,1136.3125,NA,NA,889.9791667,NA,1213.979167,NA,576.3125,NA,393.3125,NA,NA,1006.645833,807.6458333,NA,NA,NA,910.6458333,561.9791667,NA,NA,1105.979167,508.9791667,426.3125,NA,NA,830.6458333,NA,579.3125,677.9791667,929.9791667,747.3125,758.3125,523.6458333,NA,NA,892.3125,NA,NA
Sub51,NA,NA,NA,NA,NA,NA,NA,NA,NA,NA,NA,NA,NA,NA,NA,NA,NA,NA,NA,NA,NA,NA,NA,NA,NA,NA,NA,NA,NA,NA,NA,NA,NA,NA,NA,NA,NA,NA,NA,NA,NA,NA,NA,NA,NA,NA,NA,NA,NA,NA,NA,NA,NA,NA,NA,NA,NA,NA,NA,NA,NA,NA,NA,NA,NA,NA,NA,NA,NA,NA,NA,NA,NA,NA,NA,NA,NA,NA,NA,NA,NA,NA,NA,NA,NA,NA,NA,NA,NA,NA,NA,NA,NA,NA
Sub52,NA,NA,NA,798.3125,461.3125,637.9791667,707.6458333,NA,NA,876.3125,678.9791667,NA,NA,NA,526.3125,NA,648.6458333,NA,NA,819.3125,NA,533.6458333,697.9791667,NA,787.6458333,598.3125,647.9791667,523.6458333,533.3125,NA,NA,NA,NA,NA,759.6458333,549.3125,NA,NA,587.3125,599.3125,NA,NA,NA,NA,NA,NA,737.3125,452.9791667,NA,NA,NA,589.3125,NA,NA,463.3125,NA,NA,NA,847.9791667,NA,505.6458333,573.3125,NA,NA,526.6458333,NA,800.3125,NA,NA,942.6458333,NA,453.9791667,435.6458333,NA,NA,NA,NA,913.6458333,662.9791667,NA,624.3125,721.6458333,NA,688.9791667,530.9791667,636.6458333,752.9791667,NA,637.9791667,NA,NA,1030.3125,641.3125,NA
Sub53,NA,NA,NA,1983.645833,NA,2104.979167,2151.645833,NA,NA,27.64583333,418.9791667,NA,584.3125,80.3125,431.9791667,NA,NA,NA,NA,NA,NA,NA,NA,NA,NA,NA,NA,NA,NA,NA,222.3125,NA,NA,NA,NA,NA,NA,NA,NA,3669.645833,NA,NA,NA,NA,NA,NA,NA,1998.645833,506.6458333,NA,925.6458333,NA,NA,NA,NA,NA,NA,NA,NA,3808.979167,2347.979167,NA,68.97916667,3220.3125,491.6458333,2009.3125,NA,NA,NA,NA,NA,NA,NA,NA,NA,3838.3125,2704.645833,NA,3369.3125,NA,NA,NA,NA,NA,NA,NA,NA,NA,NA,NA,NA,NA,NA,NA
Sub54,NA,NA,NA,624.9791667,NA,NA,NA,596.9791667,NA,762.6458333,1368.645833,1156.645833,1915.979167,NA,NA,1035.645833,1665.3125,NA,NA,NA,784.6458333,NA,NA,NA,NA,NA,1181.979167,NA,NA,828.9791667,1394.979167,NA,947.3125,2066.3125,1086.979167,748.3125,NA,NA,1618.645833,891.3125,719.9791667,863.6458333,NA,808.6458333,1565.3125,NA,NA,1222.3125,NA,1569.3125,NA,2320.979167,NA,NA,NA,NA,NA,NA,NA,NA,NA,1206.979167,NA,NA,1056.979167,1283.979167,643.9791667,NA,NA,NA,812.3125,NA,NA,647.9791667,NA,NA,914.9791667,NA,613.3125,1075.979167,NA,1272.979167,1639.3125,1555.3125,NA,2237.645833,NA,1344.645833,1456.3125,NA,930.3125,1144.3125,NA,NA
Sub55,NA,1160.645833,435.3125,NA,NA,551.6458333,NA,843.9791667,752.3125,NA,NA,NA,NA,520.3125,469.3125,NA,496.3125,496.9791667,NA,NA,442.3125,660.3125,NA,499.9791667,NA,NA,496.9791667,NA,NA,416.9791667,569.6458333,NA,362.3125,463.9791667,370.9791667,519.6458333,NA,NA,407.3125,NA,NA,506.9791667,NA,394.6458333,704.9791667,NA,NA,357.3125,324.6458333,NA,NA,NA,NA,587.3125,320.3125,NA,NA,441.9791667,385.6458333,344.6458333,NA,435.9791667,648.6458333,552.3125,NA,533.6458333,324.6458333,466.3125,NA,759.6458333,451.3125,414.6458333,NA,551.3125,NA,NA,NA,NA,556.3125,580.9791667,466.9791667,NA,499.9791667,NA,NA,NA,NA,NA,NA,NA,NA,486.9791667,NA,NA
Sub56,NA,3079.645833,898.9791667,836.9791667,NA,NA,NA,NA,661.3125,534.6458333,NA,536.6458333,NA,NA,487.6458333,NA,825.9791667,609.6458333,2938.3125,NA,897.6458333,2531.979167,776.6458333,NA,NA,486.3125,NA,517.9791667,NA,NA,NA,NA,557.3125,NA,630.9791667,663.9791667,NA,NA,513.6458333,NA,NA,NA,NA,NA,762.9791667,NA,NA,NA,432.6458333,493.3125,439.6458333,NA,568.9791667,734.6458333,607.9791667,NA,NA,NA,459.3125,509.3125,404.6458333,530.3125,NA,777.6458333,NA,1420.979167,301.6458333,717.3125,558.6458333,412.6458333,436.6458333,NA,NA,NA,1051.3125,2876.979167,NA,530.6458333,450.3125,NA,NA,NA,3922.979167,839.9791667,NA,541.6458333,412.3125,442.3125,2232.979167,NA,578.9791667,364.9791667,NA,NA
Sub57,NA,NA,NA,NA,NA,NA,NA,NA,NA,NA,NA,NA,NA,NA,NA,NA,NA,NA,NA,NA,NA,NA,NA,NA,NA,NA,NA,NA,NA,NA,NA,NA,NA,NA,NA,NA,NA,NA,NA,NA,NA,NA,NA,NA,NA,NA,NA,NA,NA,NA,NA,NA,NA,NA,NA,NA,NA,NA,NA,NA,NA,NA,NA,NA,NA,NA,NA,NA,NA,NA,NA,NA,NA,NA,NA,NA,NA,NA,NA,NA,NA,NA,NA,NA,NA,NA,NA,NA,NA,NA,NA,NA,NA,NA
Sub61,NA,NA,NA,NA,NA,NA,NA,NA,NA,NA,NA,NA,NA,NA,NA,NA,NA,NA,NA,NA,NA,NA,NA,NA,NA,NA,NA,NA,NA,NA,NA,NA,NA,NA,NA,NA,NA,NA,NA,NA,NA,NA,NA,NA,NA,NA,NA,NA,NA,NA,NA,NA,NA,NA,NA,NA,NA,NA,NA,NA,NA,NA,NA,NA,NA,NA,NA,NA,NA,NA,NA,NA,NA,NA,NA,NA,NA,NA,NA,NA,NA,NA,NA,NA,NA,NA,NA,NA,NA,NA,NA,NA,NA,NA
Sub62,2266.979167,NA,3346.3125,1795.645833,1836.645833,961.9791667,1193.645833,839.6458333,1211.645833,992.6458333,NA,2006.979167,1003.3125,1645.645833,1325.645833,1099.3125,1347.979167,1357.979167,877.6458333,1078.979167,1147.979167,1423.645833,682.9791667,1098.645833,1046.979167,1458.645833,964.9791667,NA,NA,NA,NA,NA,NA,NA,NA,NA,NA,NA,NA,NA,NA,NA,NA,NA,NA,NA,NA,NA,NA,NA,NA,NA,NA,NA,NA,NA,NA,3121.3125,NA,NA,NA,1323.645833,NA,NA,NA,1746.645833,3107.645833,2949.645833,1980.979167,1084.645833,2456.3125,1619.645833,NA,2528.979167,1270.645833,1891.3125,1662.645833,1751.3125,1993.645833,NA,1760.979167,1828.645833,1625.3125,1320.979167,2404.3125,1668.645833,1653.645833,1230.645833,2041.645833,NA,NA,1421.645833,1410.979167,1086.3125
Sub63,NA,NA,NA,2713.3125,2863.979167,NA,NA,NA,NA,2764.3125,NA,1827.645833,NA,1396.979167,1572.645833,1272.3125,1092.645833,NA,NA,2086.3125,787.6458333,633.3125,743.6458333,982.9791667,NA,NA,NA,1295.3125,866.6458333,NA,NA,NA,1203.979167,1241.645833,NA,NA,NA,NA,NA,NA,1402.645833,849.6458333,748.6458333,737.9791667,NA,NA,NA,666.9791667,614.3125,486.9791667,919.3125,NA,NA,3322.979167,NA,NA,NA,NA,2707.979167,724.3125,831.9791667,NA,NA,1167.645833,NA,NA,NA,1007.645833,NA,824.3125,NA,2029.979167,NA,748.3125,NA,NA,723.9791667,NA,696.6458333,NA,1525.3125,NA,NA,NA,1222.979167,NA,912.9791667,NA,NA,1094.645833,NA,774.6458333,595.9791667,NA
Sub64,NA,NA,2615.3125,NA,NA,NA,NA,796.3125,433.6458333,671.3125,823.9791667,NA,954.3125,NA,NA,478.3125,NA,1363.979167,NA,894.6458333,NA,NA,1104.979167,NA,652.3125,958.3125,NA,1571.645833,697.9791667,NA,807.9791667,568.6458333,653.3125,NA,NA,777.6458333,NA,NA,763.3125,417.3125,450.9791667,NA,1350.645833,654.9791667,NA,1248.3125,583.6458333,NA,654.3125,466.3125,NA,729.6458333,NA,685.9791667,NA,NA,NA,NA,NA,NA,413.3125,433.6458333,NA,NA,NA,780.6458333,NA,NA,NA,NA,469.9791667,419.6458333,724.3125,364.6458333,NA,NA,NA,657.3125,NA,538.3125,533.3125,NA,1825.979167,568.9791667,NA,NA,NA,568.9791667,649.9791667,660.6458333,NA,NA,NA,NA
Sub65,NA,NA,NA,1865.645833,NA,2824.645833,670.3125,766.3125,NA,NA,962.3125,707.9791667,NA,NA,1534.3125,621.6458333,NA,NA,NA,NA,1203.979167,658.9791667,752.3125,1188.645833,NA,NA,656.6458333,1283.979167,610.6458333,812.3125,NA,NA,NA,2213.979167,586.9791667,631.9791667,NA,NA,NA,NA,NA,NA,548.3125,NA,752.9791667,NA,926.3125,904.6458333,NA,683.3125,NA,NA,1488.979167,642.9791667,NA,2981.645833,NA,1027.979167,994.3125,NA,789.3125,NA,1697.3125,714.3125,NA,NA,NA,NA,864.9791667,NA,NA,NA,NA,873.3125,NA,NA,NA,518.3125,NA,1038.645833,1116.3125,672.6458333,1051.979167,772.9791667,735.9791667,NA,NA,986.3125,NA,NA,790.3125,NA,NA,NA
Sub67,NA,NA,751.9791667,NA,572.6458333,513.6458333,466.6458333,NA,NA,540.9791667,NA,NA,629.3125,NA,NA,1830.979167,465.9791667,569.9791667,NA,1145.979167,628.3125,NA,NA,NA,339.3125,446.9791667,NA,NA,984.3125,676.3125,365.9791667,2403.979167,857.9791667,NA,650.9791667,302.6458333,NA,NA,801.6458333,461.3125,NA,NA,NA,633.9791667,NA,396.3125,417.6458333,408.3125,555.6458333,392.3125,313.6458333,518.3125,NA,541.6458333,395.9791667,NA,NA,NA,658.9791667,NA,NA,NA,511.3125,NA,1208.979167,NA,NA,NA,NA,574.3125,415.6458333,562.6458333,NA,NA,NA,NA,452.3125,446.3125,416.6458333,NA,NA,NA,774.9791667,NA,NA,509.9791667,430.3125,NA,NA,373.3125,NA,NA,549.9791667,NA
Sub68,NA,NA,2237.3125,NA,NA,2213.979167,NA,381.9791667,1043.979167,886.9791667,NA,976.6458333,635.9791667,689.6458333,798.9791667,1050.979167,615.6458333,843.3125,942.9791667,1123.979167,731.6458333,772.6458333,830.9791667,1272.645833,886.9791667,701.3125,917.6458333,NA,NA,NA,NA,NA,NA,NA,NA,NA,NA,NA,NA,NA,NA,NA,NA,NA,NA,NA,NA,NA,NA,NA,NA,NA,NA,NA,NA,NA,NA,771.9791667,734.9791667,1054.3125,NA,NA,2198.3125,NA,NA,1049.979167,NA,NA,NA,3082.3125,317.9791667,NA,1507.979167,888.9791667,NA,NA,NA,934.9791667,1007.3125,NA,NA,NA,1577.979167,1709.979167,NA,1314.979167,NA,2347.645833,842.3125,NA,NA,2519.645833,NA,NA
