Sub_ID,RT_STi,RT_STi,RT_STi,RT_STi,RT_STi,RT_STi,RT_STi,RT_STi,RT_STi,RT_STi,RT_STi,RT_STi,RT_STi,RT_STi,RT_STi,RT_STi,RT_STi,RT_STi,RT_STi,RT_STi,RT_STi,RT_STi,RT_STi,RT_STi,RT_STi,RT_STi,RT_STi,RT_STi,RT_STi,RT_STi,RT_STi,RT_STi,RT_STi,RT_STi,RT_STi,RT_STi,RT_STi,RT_STi,RT_STi,RT_STi,RT_STi,RT_STi,RT_STi,RT_STi,RT_STi,RT_STi,RT_STi,RT_STi,RT_STi,RT_STi,RT_STi,RT_STi,RT_STi,RT_STi
Sub31,NA,NA,NA,NA,NA,NA,NA,NA,NA,NA,NA,NA,NA,NA,NA,NA,NA,NA,NA,NA,NA,NA,NA,NA,NA,NA,NA,NA,NA,NA,NA,NA,NA,NA,NA,NA,NA,NA,NA,NA,NA,NA,NA,NA,NA,NA,NA,NA,NA,NA,NA,NA,NA,NA
Sub32,NA,NA,NA,NA,NA,NA,NA,NA,NA,NA,NA,NA,NA,NA,NA,NA,NA,NA,NA,NA,NA,NA,NA,NA,NA,NA,NA,NA,NA,NA,NA,NA,NA,NA,NA,NA,NA,NA,NA,NA,NA,NA,NA,NA,NA,NA,NA,NA,NA,NA,NA,NA,NA,NA
Sub33,NA,NA,NA,NA,NA,NA,NA,NA,NA,NA,NA,NA,NA,NA,NA,NA,NA,NA,NA,NA,NA,NA,NA,NA,NA,NA,NA,NA,NA,NA,NA,NA,NA,NA,NA,NA,NA,NA,NA,NA,NA,NA,NA,NA,NA,NA,NA,NA,NA,NA,NA,NA,NA,NA
Sub34,NA,NA,NA,NA,NA,NA,NA,NA,NA,NA,NA,NA,NA,NA,NA,NA,NA,NA,NA,NA,NA,NA,NA,NA,NA,NA,NA,NA,NA,NA,NA,NA,NA,NA,NA,NA,NA,NA,NA,NA,NA,NA,NA,NA,NA,NA,NA,NA,NA,NA,NA,NA,NA,NA
Sub35,NA,NA,NA,NA,NA,NA,NA,NA,NA,NA,NA,NA,NA,NA,NA,NA,NA,NA,NA,NA,NA,NA,NA,NA,NA,NA,NA,NA,NA,NA,NA,NA,NA,NA,NA,NA,NA,NA,NA,NA,NA,NA,NA,NA,NA,NA,NA,NA,NA,NA,NA,NA,NA,NA
Sub36,NA,NA,NA,NA,NA,NA,NA,NA,NA,NA,NA,NA,NA,NA,NA,NA,NA,NA,NA,NA,NA,NA,NA,NA,NA,NA,NA,NA,NA,NA,NA,NA,NA,NA,NA,NA,NA,NA,NA,NA,NA,NA,NA,NA,NA,NA,NA,NA,NA,NA,NA,NA,NA,NA
Sub37,NA,NA,NA,NA,NA,NA,NA,NA,NA,NA,NA,NA,NA,NA,NA,NA,NA,NA,NA,NA,NA,NA,NA,NA,NA,NA,NA,NA,NA,NA,NA,NA,NA,NA,NA,NA,NA,NA,NA,NA,NA,NA,NA,NA,NA,NA,NA,NA,NA,NA,NA,NA,NA,NA
Sub38,NA,NA,NA,NA,NA,NA,NA,NA,NA,NA,NA,NA,NA,NA,NA,NA,NA,NA,NA,NA,NA,NA,NA,NA,NA,NA,NA,NA,NA,NA,NA,NA,NA,NA,NA,NA,NA,NA,NA,NA,NA,NA,NA,NA,NA,NA,NA,NA,NA,NA,NA,NA,NA,NA
Sub39,NA,NA,NA,NA,NA,NA,NA,NA,NA,NA,NA,NA,NA,NA,NA,NA,NA,NA,NA,NA,NA,NA,NA,NA,NA,NA,1101.3125,410.9791667,556.6458333,563.9791667,382.9791667,612.6458333,514.3125,400.6458333,NA,528.6458333,375.9791667,205.6458333,225.3125,305.9791667,200.9791667,242.3125,327.6458333,317.3125,226.3125,353.9791667,281.3125,409.6458333,389.6458333,183.9791667,238.6458333,NA,NA,NA
Sub40,1093.979167,1493.979167,870.9791667,NA,814.3125,NA,950.3125,1157.645833,NA,1332.979167,NA,942.9791667,765.3125,707.6458333,NA,NA,791.3125,596.3125,1758.645833,1011.3125,868.6458333,966.6458333,NA,NA,NA,NA,NA,NA,NA,NA,NA,NA,NA,NA,NA,NA,1093.979167,1493.979167,870.9791667,NA,814.3125,NA,950.3125,1157.645833,NA,1332.979167,NA,942.9791667,765.3125,707.6458333,NA,NA,791.3125,596.3125
Sub41,NA,NA,NA,2933.3125,327.3125,NA,NA,NA,NA,NA,NA,NA,NA,NA,NA,NA,NA,451.6458333,NA,NA,NA,NA,NA,NA,NA,NA,NA,NA,1097.3125,555.9791667,607.6458333,1090.3125,579.3125,519.6458333,535.6458333,469.3125,NA,418.9791667,266.3125,442.9791667,348.9791667,415.3125,816.9791667,450.9791667,359.3125,391.9791667,430.9791667,468.6458333,379.3125,419.3125,405.3125,2.3125,320.9791667,NA
Sub42,NA,NA,NA,NA,NA,NA,NA,NA,NA,NA,NA,NA,NA,NA,NA,NA,NA,NA,NA,NA,NA,NA,NA,NA,NA,NA,NA,NA,NA,NA,NA,NA,NA,NA,NA,NA,NA,NA,NA,NA,NA,NA,NA,NA,NA,NA,NA,NA,NA,NA,NA,NA,NA,NA
Sub43,NA,NA,NA,NA,NA,NA,NA,NA,NA,NA,NA,NA,NA,NA,NA,NA,NA,NA,NA,NA,NA,NA,NA,NA,NA,NA,NA,NA,NA,3298.979167,1049.645833,1330.3125,2095.979167,566.3125,779.6458333,561.9791667,NA,327.9791667,306.3125,528.6458333,NA,549.3125,463.9791667,NA,485.6458333,NA,NA,335.9791667,375.6458333,994.6458333,561.3125,NA,449.3125,NA
Sub44,NA,NA,538.6458333,353.9791667,500.6458333,469.3125,497.3125,437.9791667,371.3125,468.6458333,2491.3125,233.9791667,444.9791667,274.3125,437.3125,295.6458333,353.9791667,340.9791667,NA,291.9791667,264.6458333,NA,335.3125,NA,278.6458333,235.6458333,NA,NA,2696.3125,NA,NA,NA,NA,NA,NA,NA,NA,NA,NA,NA,NA,NA,NA,NA,NA,NA,NA,NA,NA,NA,NA,NA,NA,1804.979167
Sub45,NA,NA,NA,NA,NA,3568.3125,NA,NA,NA,NA,NA,NA,NA,NA,NA,NA,NA,NA,NA,NA,NA,NA,NA,NA,NA,NA,NA,NA,678.9791667,586.9791667,768.9791667,690.9791667,476.3125,610.3125,663.9791667,554.9791667,NA,543.9791667,288.9791667,430.9791667,418.6458333,302.3125,459.3125,573.6458333,NA,1141.3125,NA,NA,387.6458333,NA,571.6458333,553.6458333,748.6458333,NA
Sub46,NA,NA,NA,NA,NA,NA,NA,NA,NA,NA,NA,NA,NA,NA,NA,NA,NA,NA,NA,NA,NA,NA,NA,NA,NA,NA,NA,NA,797.9791667,526.9791667,700.9791667,658.9791667,494.3125,734.9791667,530.9791667,678.3125,NA,408.3125,420.9791667,543.9791667,393.6458333,612.9791667,376.6458333,479.9791667,392.9791667,462.9791667,256.3125,453.9791667,292.9791667,421.6458333,273.3125,210.6458333,231.3125,NA
Sub47,NA,NA,NA,NA,NA,NA,NA,NA,NA,NA,NA,NA,NA,NA,NA,NA,NA,NA,NA,NA,NA,NA,NA,NA,NA,NA,NA,NA,1076.979167,607.6458333,1006.3125,761.6458333,630.9791667,690.6458333,490.6458333,799.3125,NA,623.6458333,397.9791667,458.6458333,595.6458333,601.3125,432.9791667,226.9791667,353.3125,446.6458333,477.3125,449.3125,480.9791667,393.9791667,436.6458333,295.6458333,375.9791667,NA
Sub48,NA,NA,838.9791667,818.3125,952.9791667,691.3125,846.3125,732.6458333,844.9791667,715.9791667,NA,687.9791667,711.3125,851.9791667,890.6458333,838.6458333,1052.645833,729.3125,570.3125,612.9791667,621.9791667,888.9791667,765.3125,794.6458333,1063.645833,1014.3125,685.6458333,NA,NA,NA,NA,NA,NA,NA,NA,NA,NA,NA,NA,NA,NA,NA,NA,NA,NA,NA,NA,NA,NA,NA,NA,NA,NA,NA
Sub49,NA,NA,NA,NA,NA,NA,NA,NA,NA,NA,NA,NA,NA,NA,767.9791667,NA,NA,NA,NA,NA,NA,NA,NA,NA,NA,NA,NA,NA,729.3125,386.3125,497.6458333,NA,437.3125,495.9791667,NA,NA,NA,483.6458333,411.6458333,302.3125,332.9791667,NA,211.3125,NA,351.9791667,295.3125,317.9791667,352.9791667,435.6458333,NA,349.3125,346.3125,341.9791667,NA
Sub50,NA,1378.3125,NA,NA,NA,NA,2859.645833,NA,NA,NA,2804.645833,3954.645833,299.9791667,283.3125,3348.645833,1955.3125,NA,NA,NA,NA,NA,NA,1459.979167,NA,NA,NA,NA,NA,NA,NA,NA,1378.3125,NA,NA,NA,NA,2859.645833,NA,NA,NA,2804.645833,3954.645833,299.9791667,283.3125,3348.645833,1955.3125,NA,NA,NA,NA,NA,NA,1459.979167,NA
Sub51,NA,NA,NA,NA,NA,NA,NA,NA,NA,NA,NA,NA,NA,NA,NA,NA,NA,NA,NA,NA,NA,NA,NA,NA,NA,NA,NA,NA,2317.3125,726.9791667,693.3125,621.9791667,434.9791667,409.6458333,640.9791667,640.9791667,NA,430.3125,434.6458333,472.9791667,460.3125,259.3125,421.9791667,144.6458333,298.9791667,368.9791667,356.3125,282.6458333,395.9791667,527.9791667,402.6458333,403.3125,278.3125,NA
Sub52,NA,NA,NA,NA,NA,NA,NA,NA,NA,NA,NA,NA,NA,NA,NA,NA,NA,NA,NA,NA,NA,NA,NA,NA,NA,NA,NA,NA,NA,NA,NA,NA,NA,NA,NA,NA,NA,NA,NA,NA,NA,NA,NA,NA,NA,NA,NA,NA,NA,NA,NA,NA,NA,NA
Sub53,NA,NA,NA,NA,NA,NA,NA,NA,NA,NA,NA,NA,NA,NA,NA,NA,NA,NA,NA,NA,NA,NA,NA,NA,NA,NA,NA,NA,778.6458333,671.9791667,1011.979167,728.3125,602.9791667,668.9791667,574.3125,669.3125,NA,854.6458333,671.9791667,489.9791667,527.3125,256.6458333,359.6458333,347.9791667,116.3125,307.3125,412.3125,511.9791667,393.6458333,492.6458333,405.9791667,422.3125,420.3125,NA
Sub54,NA,2801.3125,2875.979167,NA,793.6458333,689.3125,411.9791667,843.6458333,NA,2146.645833,998.3125,627.3125,NA,1936.645833,3728.979167,2381.3125,NA,NA,NA,NA,NA,NA,NA,NA,NA,NA,NA,NA,NA,NA,NA,NA,NA,NA,NA,NA,30.97916667,NA,NA,NA,78.97916667,NA,95.64583333,1697.979167,1557.979167,2105.3125,1775.3125,NA,NA,NA,NA,NA,NA,NA
Sub55,NA,NA,NA,NA,NA,NA,NA,NA,NA,NA,NA,NA,NA,NA,NA,NA,NA,NA,NA,NA,NA,NA,NA,NA,NA,NA,NA,NA,NA,2779.3125,535.3125,702.3125,661.9791667,649.3125,630.6458333,497.3125,NA,537.6458333,481.3125,470.6458333,570.9791667,456.9791667,476.6458333,420.9791667,521.9791667,657.6458333,435.9791667,461.3125,402.9791667,529.6458333,484.6458333,446.9791667,455.3125,NA
Sub56,837.3125,NA,552.3125,339.6458333,781.3125,303.3125,446.9791667,487.6458333,450.6458333,468.9791667,NA,471.3125,407.3125,272.6458333,305.9791667,781.9791667,319.3125,497.3125,273.3125,NA,346.9791667,314.9791667,350.6458333,386.3125,290.3125,384.6458333,259.3125,1495.979167,NA,NA,NA,NA,NA,NA,NA,NA,NA,NA,NA,NA,NA,NA,NA,NA,NA,3908.979167,NA,NA,NA,NA,NA,NA,NA,NA
Sub61,NA,NA,NA,NA,NA,NA,NA,NA,NA,NA,NA,NA,NA,NA,NA,NA,NA,NA,NA,NA,NA,NA,NA,NA,NA,NA,NA,NA,NA,NA,NA,NA,NA,NA,NA,NA,NA,NA,NA,NA,NA,NA,NA,NA,NA,NA,NA,NA,NA,NA,NA,NA,NA,NA
Sub62,NA,NA,NA,NA,NA,NA,NA,NA,NA,NA,NA,NA,NA,NA,NA,NA,NA,NA,NA,NA,NA,NA,NA,NA,NA,NA,NA,NA,NA,NA,NA,NA,NA,NA,NA,NA,NA,NA,NA,NA,NA,NA,NA,NA,NA,NA,NA,NA,NA,NA,NA,NA,NA,NA
Sub63,2266.979167,NA,3346.3125,1795.645833,1836.645833,961.9791667,1193.645833,839.6458333,1211.645833,992.6458333,NA,2006.979167,1003.3125,1645.645833,1325.645833,1099.3125,1347.979167,1357.979167,877.6458333,1078.979167,1147.979167,1423.645833,682.9791667,1098.645833,1046.979167,1458.645833,964.9791667,NA,NA,NA,NA,NA,NA,NA,NA,NA,NA,NA,NA,NA,NA,NA,NA,NA,NA,NA,NA,NA,NA,NA,NA,NA,NA,NA
Sub64,NA,3659.979167,NA,1104.979167,784.6458333,586.6458333,847.9791667,608.9791667,826.3125,NA,776.9791667,NA,770.6458333,768.9791667,607.6458333,672.6458333,611.9791667,544.9791667,567.3125,541.9791667,503.3125,485.6458333,536.9791667,556.9791667,541.3125,810.3125,375.9791667,463.6458333,NA,NA,NA,NA,NA,3659.979167,NA,1104.979167,784.6458333,586.6458333,847.9791667,608.9791667,826.3125,NA,776.9791667,NA,770.6458333,768.9791667,607.6458333,672.6458333,611.9791667,544.9791667,567.3125,541.9791667,503.3125,485.6458333
